Aaron Ramsey,England,Midfielder,,21/01/2003
Max Aarons,England,Defender,178cm,04/01/2000(22)
Abdul Rahman Baba,Ghana,Defender,180cm,02/07/1994
Tammy Abraham,England,Forward,190cm,02/10/1997
Adam Armstrong,England,Forward,172cm,10/02/1997(25)
Che Adams,Scotland,Forward,175cm,13/07/1996(25)
Omotayo Adaramola,Ireland,Defender,,13/11/2003(18)
Adrin,Spain,Goalkeeper,190cm,03/01/1987(35)
Sergio Agero,Argentina,Forward,173cm,02/06/1988
Derek Agyakwa,Netherlands,Defender,,19/12/2001(20)
Ahmed El Mohamady,Egypt,Defender,183cm,09/09/1987
Rayan At-Nouri,France,Defender,179cm,06/06/2001(20)
Kristoffer Ajer,Norway,Defender,196cm,17/04/1998(23)
Nathan Ak,Netherlands,Defender,180cm,18/02/1995(27)
Marc Albrighton,England,Midfielder,175cm,18/11/1989(32)
Toby Alderweireld,Belgium,Defender,186cm,02/03/1989
Ryan Alebiosu,England,Defender,,17/12/2001
Ajibola Alese,England,Defender,,17/01/2001(21)
Alex Telles,Brazil,Defender,181cm,15/12/1992(29)
Trent Alexander-Arnold,England,Defender,175cm,07/10/1998(23)
Ezgjan Alioski,North Macedonia,Midfielder,173cm,12/02/1992
Alisson,Brazil,Goalkeeper,191cm,02/10/1992(29)
Allan,Brazil,Midfielder,173cm,08/01/1991(31)
Dele Alli,England,Midfielder,188cm,11/04/1996(26)
Miguel Almirn,Paraguay,Midfielder,174cm,10/02/1994(28)
Marcos Alonso,Spain,Defender,188cm,28/12/1990(31)
Jaime Alvarado,Colombia,Midfielder,179cm,26/07/1999
Julin lvarez,Argentina,Forward,173cm,31/01/2000
Will Alves,England,Forward,,04/02/2005(17)
Steven Alzate,Colombia,Forward,180cm,08/09/1998(23)
Daniel Amartey,Ghana,Defender,186cm,21/12/1994(27)
Ethan Ampadu,Wales,Defender,183cm,14/09/2000
Joachim Andersen,Denmark,Defender,192cm,31/05/1996(25)
Joseph Anderson,England,Defender,,06/02/2001
Florin Andone,Romania,Forward,180cm,11/04/1993
Andr Gomes,Portugal,Midfielder,188cm,30/07/1993(28)
Andreas Pereira,Brazil,Midfielder,175cm,01/01/1996
Vincent Angelini,Scotland,Goalkeeper,186cm,12/09/2003(18)
Angelio,Spain,Defender,175cm,04/01/1997
Faustino Anjorin,England,Midfielder,185cm,23/11/2001
Michail Antonio,Jamaica,Forward,180cm,28/03/1990(32)
Keenan Appiah-Forson,England,Midfielder,,16/10/2001(20)
Billy Arce,Ecuador,Midfielder,178cm,12/07/1998
Cameron Archer,England,Forward,,09/12/2001
Alphonse Areola,France,Goalkeeper,195cm,27/02/1993(29)
Kepa Arrizabalaga,Spain,Goalkeeper,189cm,03/10/1994(27)
Harrison Ashby,Scotland,Defender,,14/11/2001(20)
Yaser Asprilla,Colombia,Midfielder,185cm,19/11/2003
Ryan Astley,Wales,Defender,,04/10/2001(20)
Christian Atsu,Ghana,Midfielder,165cm,10/01/1992
Pierre-Emerick Aubameyang,Gabon,Forward,187cm,18/06/1989
Serge Aurier,Cote DIvoire,Defender,176cm,24/12/1992
Brandon Austin,England,Goalkeeper,188cm,07/01/1999(23)
Zach Awe,England,Defender,,09/01/2004(18)
Taiwo Awoniyi,Nigeria,Forward,183cm,12/08/1997
Jordan Ayew,Ghana,Forward,182cm,11/09/1991(30)
Luke Ayling,England,Defender,185cm,25/08/1991(30)
Miguel Azeez,England,Midfielder,,20/09/2002(19)
Csar Azpilicueta,Spain,Defender,178cm,28/08/1989(32)
Kwadwo Baah,Germany,Midfielder,,27/01/2003(19)
Daniel Bachmann,Austria,Goalkeeper,191cm,09/07/1994(27)
Leon Bailey,Jamaica,Forward,178cm,09/08/1997(24)
Eric Bailly,Cote DIvoire,Defender,187cm,12/04/1994(27)
Tiemou Bakayoko,France,Midfielder,185cm,17/08/1994
Lewis Baker,England,Midfielder,182cm,25/04/1995
James Balagizi,England,Midfielder,,20/09/2003(18)
Fabin Balbuena,Paraguay,Defender,188cm,23/08/1991
Ellery Balcombe,England,Goalkeeper,190cm,15/10/1999
Gareth Bale,Wales,Forward,185cm,16/07/1989
Folarin Balogun,England,Forward,178cm,03/07/2001
Tudor Baluta,Romania,Defender,192cm,27/03/1999(23)
Patrick Bamford,England,Forward,185cm,05/09/1993(28)
Beni Baningime,DR Congo,Midfielder,178cm,09/09/1998
Scott Banks,Scotland,Midfielder,,26/09/2001(20)
Shandon Baptiste,Grenada,Midfielder,175cm,08/04/1998(24)
Daniel Barden,Wales,Goalkeeper,195cm,02/01/2001
Phil Bardsley,Scotland,Defender,180cm,28/06/1985(36)
Ross Barkley,England,Midfielder,189cm,05/12/1993(28)
Ashley Barnes,England,Forward,186cm,30/10/1989(32)
Mason Barrett,England,Defender,,24/09/1999
Louie Barry,England,Forward,,21/06/2003
Lewis Bate,England,Midfielder,,28/10/2002(19)
Michy Batshuayi,Belgium,Forward,184cm,02/10/1993
Nathan Baxter,England,Goalkeeper,191cm,08/11/1998
Mads Bech Srensen,Denmark,Defender,189cm,07/01/1999(23)
Owen Beck,Wales,Defender,,09/08/2002(19)
Jan Bednarek,Poland,Defender,189cm,12/04/1996(25)
Asmir Begovic,Bosnia & Herzegovina,Goalkeeper,199cm,20/06/1987(34)
Hctor Bellern,Spain,Defender,178cm,19/03/1995
Filip Benkovic,Croatia,Defender,194cm,13/07/1997
J'Neil Bennett,England,Midfielder,,07/12/2001(20)
Sad Benrahma,Algeria,Forward,172cm,10/08/1995(26)
Josh Benson,England,Midfielder,175cm,05/12/1999
Rodrigo Bentancur,Uruguay,Midfielder,187cm,25/06/1997(24)
Christian Benteke,Belgium,Forward,190cm,03/12/1990(31)
Gaetano Berardi,Switzerland,Defender,179cm,21/08/1988
Lucas Bergstrm,Finland,Goalkeeper,,05/09/2002(19)
Steven Bergwijn,Netherlands,Forward,178cm,08/10/1997(24)
Adrin Bernab,Spain,Midfielder,170cm,26/05/2001
Bernard,Brazil,Forward,164cm,08/09/1992
Bernardo,Brazil,Defender,186cm,14/05/1995
Bernardo Silva,Portugal,Midfielder,173cm,10/08/1994(27)
Ryan Bertrand,England,Defender,179cm,05/08/1989(32)
Muhamed Besic,Bosnia & Herzegovina,Midfielder,180cm,10/09/1992
Marcus Bettinelli,England,Goalkeeper,194cm,24/05/1992(29)
Mads Bidstrup,Denmark,Midfielder,175cm,25/02/2001
Mika Biereth,England,Forward,,08/02/2003(19)
Nathan Bishop,England,Goalkeeper,185cm,15/10/1999
Yves Bissouma,Mali,Midfielder,182cm,30/08/1996(25)
Harvey Blair,England,Forward,,14/09/2003(18)
Oscar Bobb,Norway,Midfielder,,12/07/2003(18)
Lamare Bogarde,Netherlands,Midfielder,,05/01/2004(18)
Mateusz Bogusz,Poland,Midfielder,175cm,22/08/2001
Bendeguz Bolla,Hungary,Defender,,22/11/1999
Luke Bolton,England,Midfielder,174cm,07/10/1999
Willy Boly,Cote DIvoire,Defender,195cm,03/02/1991(31)
Jamie Bowden,Ireland,Midfielder,,09/07/2001(20)
Jarrod Bowen,England,Forward,175cm,20/12/1996(25)
Conor Bradley,Northern Ireland,Midfielder,,09/07/2003(18)
Robbie Brady,Ireland,Midfielder,176cm,14/01/1992
Jarrad Branthwaite,England,Defender,195cm,27/06/2002(19)
Sammy Braybrooke,England,Midfielder,,12/03/2004(18)
Mungo Bridge,England,Forward,,12/09/2000
Nathan Broadhead,Wales,Forward,178cm,05/04/1998
Armando Broja,Albania,Forward,191cm,10/09/2001(20)
Josh Brownhill,England,Midfielder,180cm,19/12/1995(26)
Bruno Fernandes,Portugal,Midfielder,179cm,08/09/1994(27)
Bruno Guimares,Brazil,Midfielder,182cm,16/11/1997(24)
Bruno Jordo,Portugal,Midfielder,180cm,12/10/1998
Lewis Brunt,England,Midfielder,,06/11/2000(21)
Emiliano Buenda,Argentina,Midfielder,172cm,25/12/1996(25)
Hugo Bueno,Spain,Defender,180cm,18/09/2002(19)
Dan Burn,England,Defender,198cm,09/05/1992(29)
Finley Burns,England,Defender,,17/06/2003
Jack Butland,England,Goalkeeper,196cm,10/03/1993(29)
Sam Byram,England,Defender,180cm,16/09/1993(28)
Willy Caballero,Argentina,Goalkeeper,186cm,28/09/1981(40)
Gary Cahill,England,Defender,193cm,19/12/1985
Moiss Caicedo,Ecuador,Midfielder,178cm,02/11/2001(20)
Jake Cain,England,Midfielder,,02/09/2001
Caleb Chukwuemeka,England,Forward,,25/01/2002
Callum Rowe,England,Defender,,02/09/1999
Dominic Calvert-Lewin,England,Forward,187cm,16/03/1997(25)
Leonardo Campana,Ecuador,Forward,187cm,24/07/2000
Chem Campbell,Wales,Midfielder,,30/12/2002(19)
Sergi Cans,Spain,Forward,177cm,02/02/1997(25)
Todd Cantwell,England,Midfielder,177cm,27/02/1998
Elia Caprile,Italy,Goalkeeper,,25/08/2001
Carlos Vincius,Brazil,Forward,190cm,25/03/1995
Andy Carroll,England,Forward,193cm,06/01/1989
Scott Carson,England,Goalkeeper,190cm,03/09/1985(36)
Cameron Carter-Vickers,United States,Defender,183cm,31/12/1997
Oliver Casey,England,Defender,188cm,14/10/2000
Matthew Cash,Poland,Defender,185cm,07/08/1997(24)
Timothy Castagne,Belgium,Defender,185cm,05/12/1995(26)
Craig Cathcart,Northern Ireland,Defender,188cm,06/02/1989(33)
Edinson Cavani,Uruguay,Forward,184cm,14/02/1987(35)
Dani Ceballos,Spain,Midfielder,179cm,07/08/1996
Cdric Soares,Portugal,Defender,172cm,31/08/1991(30)
Kallum Cesay,England,Defender,,04/09/2002(19)
Trevoh Chalobah,England,Defender,190cm,05/07/1999(22)
Calum Chambers,England,Defender,182cm,20/01/1995(27)
Shea Charles,Northern Ireland,Defender,,05/11/2003
Kgaogelo Chauke,England,Midfielder,,08/01/2003(19)
Daniel Chesters,England,Midfielder,,04/04/2002(20)
Ben Chilwell,England,Defender,178cm,21/12/1996(25)
Chiquinho,Portugal,Forward,179cm,05/02/2000(22)
Hamza Choudhury,England,Midfielder,178cm,01/10/1997(24)
Benjamin Chrisene,England,Midfielder,,12/01/2004(18)
Andreas Christensen,Denmark,Defender,187cm,10/04/1996(26)
Christian Marques,Portugal,Defender,187cm,15/01/2003
Carney Chukwuemeka,England,Midfielder,,20/10/2003(18)
Dennis Cirkin,England,Defender,181cm,06/04/2002
CJ Egan-Riley,England,Defender,,02/01/2003(19)
Ciaran Clark,Ireland,Defender,185cm,26/09/1989(32)
Harry Clarke,England,Defender,,02/03/2001
Jake Clarke-Salter,England,Defender,188cm,22/09/1997
Leighton Clarkson,England,Midfielder,175cm,19/10/2001
Tom Cleverley,England,Midfielder,175cm,12/08/1989(32)
Nathaniel Clyne,England,Defender,175cm,05/04/1991(31)
Conor Coady,England,Defender,185cm,25/02/1993(29)
Alex Cochrane,England,Defender,,21/04/2000
Samus Coleman,Ireland,Defender,177cm,11/10/1988(33)
Nathan Collins,Ireland,Defender,193cm,30/04/2001(20)
Aaron Connolly,Ireland,Forward,,28/01/2000
Kamil Conteh,England,Midfielder,177cm,26/12/2002
Liam Cooper,Scotland,Defender,180cm,30/08/1991(30)
Theo Corbeanu,Canada,Forward,190cm,17/05/2002
Jack Cork,England,Midfielder,183cm,25/06/1989(32)
Maxwel Cornet,Cote DIvoire,Midfielder,179cm,27/09/1996(25)
Ben Cottrell,England,Midfielder,,31/10/2001
Vladimir Coufal,Czech Republic,Defender,179cm,22/08/1992(29)
Conor Coventry,Ireland,Midfielder,177cm,25/03/2000
Matthew Cox,England,Goalkeeper,,02/05/2003(18)
Charlie Cresswell,England,Defender,,17/08/2002(19)
Kane Crichlow,Bermuda,Midfielder,,21/08/2000
Cristiano Ronaldo,Portugal,Forward,187cm,05/02/1985(37)
Cucho Hernndez,Colombia,Forward,176cm,20/04/1999(22)
Marc Cucurella,Spain,Defender,172cm,22/07/1998(23)
Jamie Cumming,England,Goalkeeper,186cm,04/09/1999
Luke Cundle,England,Midfielder,,26/04/2002(19)
Patrick Cutrone,Italy,Forward,183cm,03/01/1998
Pontus Dahlberg,Sweden,Goalkeeper,194cm,21/01/1999
Patson Daka,Zambia,Forward,183cm,09/10/1998(23)
Sam Dalby,England,Forward,,07/12/1999
Vontae Daley-Campbell,England,Defender,,02/04/2001
Stuart Dallas,Northern Ireland,Midfielder,183cm,19/04/1991(30)
Henrik Dalsgaard,Denmark,Defender,192cm,27/07/1989
Daniel Podence,Portugal,Midfielder,165cm,21/10/1995(26)
Luke Daniels,England,Goalkeeper,185cm,05/01/1988
Scott Dann,England,Defender,188cm,14/02/1987
Karl Darlow,England,Goalkeeper,190cm,08/10/1990(31)
Josh Dasilva,England,Midfielder,184cm,23/10/1998(23)
David Luiz,Brazil,Defender,189cm,22/04/1987
Tom Davies,England,Midfielder,180cm,30/06/1998(23)
Keinan Davis,England,Forward,191cm,13/02/1998
Craig Dawson,England,Defender,188cm,06/05/1990(31)
Laurens De Bock,Belgium,Defender,179cm,07/11/1992(29)
Lucas De Bolle,Scotland,Midfielder,,22/10/2002(19)
Kevin De Bruyne,Belgium,Midfielder,181cm,28/06/1991(30)
David de Gea,Spain,Goalkeeper,192cm,07/11/1990(31)
Troy Deeney,England,Forward,183cm,29/06/1988
Liam Delap,England,Forward,,08/02/2003(19)
Fabian Delph,England,Midfielder,174cm,21/11/1989(32)
Lars Dendoncker,Belgium,Defender,,03/04/2001(21)
Emmanuel Dennis,Nigeria,Forward,175cm,15/11/1997(24)
Halil Dervisoglu,Turkey,Forward,183cm,08/12/1999
Alfie Devine,England,Midfielder,179cm,01/08/2004(17)
Kiernan Dewsbury-Hall,England,Midfielder,,06/09/1998(23)
Amad Diallo,Cote DIvoire,Forward,173cm,11/07/2002
Luis Daz,Colombia,Forward,178cm,13/01/1997(25)
Thomas Dickson-Peters,Scotland,Forward,,16/09/2002
Eric Dier,England,Defender,188cm,15/01/1994(28)
Lucas Digne,France,Defender,178cm,20/07/1993(28)
Diogo Dalot,Portugal,Defender,183cm,18/03/1999(23)
Diogo Jota,Portugal,Forward,178cm,04/12/1996(25)
Issa Diop,France,Defender,194cm,09/01/1997(25)
Elijah Dixon-Bonner,England,Midfielder,,01/01/2001(21)
Moussa Djenepo,Mali,Midfielder,177cm,15/06/1998(23)
Lewis Dobbin,England,Forward,,03/01/2003(19)
Owen Dodgson,England,Defender,,19/03/2003(19)
Matt Doherty,Ireland,Defender,182cm,16/01/1992(30)
Domingos Quina,Portugal,Midfielder,179cm,18/11/1999
Abdoulaye Doucour,Mali,Midfielder,184cm,01/01/1993(29)
Douglas Luiz,Brazil,Midfielder,175cm,09/05/1998(23)
Kieran Dowell,England,Midfielder,175cm,10/10/1997(24)
Tommy Doyle,England,Midfielder,,17/10/2001
Cody Drameh,England,Defender,,08/12/2001
Danny Drinkwater,England,Midfielder,178cm,05/03/1990
Anthony Driscoll-Glennon,England,Defender,181cm,26/11/1999
Martin Dbravka,Slovakia,Goalkeeper,190cm,15/01/1989(33)
Shane Duffy,Ireland,Defender,193cm,01/01/1992(30)
Paul Dummett,Wales,Defender,183cm,26/09/1991(30)
Lewis Dunk,England,Defender,192cm,21/11/1991(30)
Jimmy Dunne,Ireland,Defender,183cm,19/10/1997
Frankie Ealing,England,Defender,,14/07/2004
Ederson,Brazil,Goalkeeper,188cm,17/08/1993(28)
Odsonne douard,France,Forward,187cm,16/01/1998(24)
Samuel Edozie,England,Forward,,28/01/2003(19)
Edward Rowe,England,Midfielder,,17/10/2003
Pierre Ekwah,France,Defender,,15/01/2002(20)
Anwar El Ghazi,Netherlands,Midfielder,188cm,03/05/1995(26)
Anthony Elanga,Sweden,Forward,178cm,27/04/2002(19)
Robert Elliot,Ireland,Goalkeeper,190cm,30/04/1986(35)
Harvey Elliott,England,Midfielder,170cm,04/04/2003(19)
Mohamed Elyounoussi,Norway,Midfielder,178cm,04/08/1994(27)
Emerson,Italy,Defender,176cm,03/08/1994
Emerson Royal,Brazil,Defender,181cm,14/01/1999(23)
Emiliano Marcondes,Denmark,Midfielder,182cm,09/03/1995
Bjrn Engels,Belgium,Defender,193cm,15/09/1994
Christian Eriksen,Denmark,Midfielder,182cm,14/02/1992(30)
Peter Etebo,Nigeria,Midfielder,172cm,09/11/1995(26)
Jonny Evans,Northern Ireland,Defender,188cm,03/01/1988(34)
Oliver Ewing,Wales,Midfielder,,03/01/2003(19)
Timothy Eyoma,England,Defender,183cm,29/01/2000
Eberechi Eze,England,Midfielder,,29/06/1998(23)
Lukasz Fabianski,Poland,Goalkeeper,190cm,18/04/1985(36)
Fabinho,Brazil,Midfielder,188cm,23/10/1993(28)
Fbio Silva,Portugal,Forward,185cm,19/07/2002(19)
Malachi Fagan-Walcott,England,Defender,,11/03/2002(20)
Akin Famewo,England,Defender,187cm,09/11/1998
Juan Familia-Castillo,Netherlands,Defender,,13/01/2000
Josh Feeney,England,Midfielder,,06/05/2005(16)
Felipe Anderson,Brazil,Midfielder,175cm,15/04/1993
Felix Nmecha,Germany,Midfielder,188cm,10/10/2000
Kiko Femena,Spain,Defender,176cm,02/02/1991(31)
Evan Ferguson,Ireland,Forward,,19/10/2004(17)
lvaro Fernndez,Spain,Goalkeeper,185cm,13/04/1998(23)
Fernandinho,Brazil,Midfielder,179cm,04/05/1985(36)
Will Ferry,Ireland,Midfielder,176cm,07/12/2000
Ryan Finnigan,England,Midfielder,,23/09/2003
Junior Firpo,Spain,Defender,184cm,22/08/1996(25)
William Fish,England,Defender,185cm,17/02/2003
Ethan Fitzhugh,England,Midfielder,,27/11/2002
Ashley Fletcher,England,Forward,185cm,02/10/1995
Marcelo Flores,Mexico,Midfielder,,01/10/2003(18)
Shane Flynn,Ireland,Midfielder,,14/10/2001
Phil Foden,England,Midfielder,171cm,28/05/2000(21)
Wesley Fofana,France,Defender,190cm,17/12/2000(21)
Shaqai Forde,England,Midfielder,,
Pablo Fornals,Spain,Midfielder,178cm,22/02/1996(26)
Adam Forshaw,England,Midfielder,174cm,08/10/1991(30)
Marcus Forss,Finland,Forward,182cm,18/06/1999
Fraser Forster,England,Goalkeeper,201cm,17/03/1988(34)
Ben Foster,England,Goalkeeper,193cm,03/04/1983(39)
Tariqe Fosu-Henry,Ghana,Midfielder,180cm,05/11/1995(26)
Ryan Fraser,Scotland,Midfielder,163cm,24/02/1994(28)
Melkamu Frauendorf,Germany,Midfielder,,12/01/2004(18)
Fred,Brazil,Midfielder,169cm,05/03/1993(29)
Ryan Fredericks,England,Defender,181cm,10/10/1992(29)
Christian Fuchs,Austria,Defender,187cm,07/04/1986
James Furlong,Ireland,Defender,,07/06/2002(19)
Gabriel Jesus,Brazil,Forward,175cm,03/04/1997(25)
Gabriel Magalhes,Brazil,Defender,190cm,19/12/1997(24)
Gabriel Martinelli,Brazil,Midfielder,178cm,18/06/2001(20)
Ethan Galbraith,Northern Ireland,Midfielder,175cm,11/05/2001
Conor Gallagher,England,Midfielder,182cm,06/02/2000(22)
Eric Garca,Spain,Defender,182cm,09/01/2001
James Garner,England,Midfielder,186cm,13/03/2001
Dwight Gayle,England,Forward,174cm,17/10/1989(32)
Jean-Philippe Gbamin,Cote DIvoire,Midfielder,186cm,25/09/1995
Joe Gelhardt,England,Forward,175cm,04/05/2002(19)
Rachid Ghezzal,Algeria,Midfielder,182cm,09/05/1992
Saman Ghoddos,Iran,Forward,176cm,06/09/1993(28)
Dimitris Giannoulis,Greece,Defender,175cm,17/10/1995(26)
Liam Gibbs,England,Midfielder,,16/12/2002(19)
Morgan Gibbs-White,England,Midfielder,171cm,27/01/2000
Ben Gibson,England,Defender,185cm,15/01/1993(29)
Bryan Gil,Spain,Forward,175cm,11/02/2001
Alex Gilbert,Ireland,Forward,,28/12/2001
Ryan Giles,England,Midfielder,179cm,26/01/2000
Mark Gillespie,England,Goalkeeper,192cm,27/03/1992(30)
Billy Gilmour,Scotland,Midfielder,166cm,11/06/2001(20)
Olivier Giroud,France,Forward,192cm,30/09/1986
Ben Godfrey,England,Defender,183cm,15/01/1998(24)
Pierluigi Gollini,Italy,Goalkeeper,194cm,18/03/1995(27)
Claudio Gomes,France,Midfielder,164cm,23/07/2000
Joseph Gomez,England,Defender,188cm,23/05/1997(24)
Charlie Goode,England,Defender,196cm,03/08/1995
Lewis Gordon,England,Defender,,12/02/2001(21)
Dan Gosling,England,Midfielder,183cm,01/02/1990(32)
Kamil Grabara,Poland,Goalkeeper,195cm,08/01/1999
Lee Grant,England,Goalkeeper,193cm,27/01/1983(39)
Demarai Gray,England,Forward,180cm,28/06/1996(25)
Jack Grealish,England,Midfielder,175cm,10/09/1995(26)
Sam Greenwood,England,Forward,185cm,26/01/2002(20)
Pascal Gro,Germany,Midfielder,181cm,15/06/1991(30)
Marko Grujic,Serbia,Midfielder,191cm,13/04/1996
Vicente Guaita,Spain,Goalkeeper,190cm,10/01/1987(35)
Jhann Gudmundsson,Iceland,Midfielder,186cm,27/10/1990(31)
Marc Guhi,England,Defender,182cm,13/07/2000(21)
Matto Guendouzi,France,Midfielder,185cm,14/04/1999
Frdric Guilbert,France,Defender,178cm,24/12/1994
Ilkay Gndogan,Germany,Midfielder,180cm,24/10/1990(31)
Angus Gunn,England,Goalkeeper,196cm,22/01/1996(26)
Patrik Gunnarsson,Iceland,Goalkeeper,190cm,15/11/2000(21)
Peter Gwargis,Sweden,Midfielder,,04/09/2000
Viktor Gykeres,Sweden,Forward,187cm,04/06/1998
Micah Hamilton,England,Midfielder,,13/11/2003
Grant Hanley,Scotland,Defender,187cm,20/11/1991(30)
Reece Hannam,England,Defender,,11/09/2000(21)
Bjorn Hardley,Netherlands,Defender,,19/12/2002(19)
Jack Harrison,England,Midfielder,175cm,20/11/1996(25)
Harrison Sohna,England,Midfielder,,01/07/2002
Joe Hart,England,Goalkeeper,196cm,19/04/1987
Taylor Harwood-Bellis,England,Defender,188cm,30/01/2002
Kortney Hause,England,Midfielder,191cm,16/07/1995(26)
Kai Havertz,Germany,Midfielder,188cm,11/06/1999(22)
Kaine Hayden,England,Defender,,23/10/2002
Maxwell Haygarth,England,Midfielder,,21/01/2002(20)
Tom Heaton,England,Goalkeeper,188cm,15/04/1986(35)
Karl Hein,Estonia,Goalkeeper,193cm,13/04/2002
Philip Heise,Germany,Defender,184cm,20/06/1991
Hlder Costa,Angola,Forward,178cm,12/01/1994
Mark Helm,England,Midfielder,,21/10/2001(20)
Stephen Henderson,Ireland,Goalkeeper,193cm,02/05/1988
Jeff Hendrick,Ireland,Midfielder,185cm,31/01/1992
Wayne Hennessey,Wales,Goalkeeper,198cm,24/01/1987(35)
Rico Henry,England,Defender,170cm,08/07/1997(24)
Jack Henry-Francis,Ireland,Midfielder,,23/09/2003
Onel Hernndez,Cuba,Midfielder,172cm,01/02/1993
James Hillson,England,Goalkeeper,,14/01/2001
Leo Fuhr Hjelde,Norway,Defender,188cm,26/08/2003(18)
Wesley Hoedt,Netherlands,Defender,188cm,06/03/1994
Ki-Jana Hoever,Netherlands,Midfielder,180cm,18/01/2002(20)
Rob Holding,England,Defender,189cm,20/09/1995(26)
Mason Holgate,England,Defender,184cm,22/10/1996(25)
Nathan Holland,England,Midfielder,178cm,19/06/1998
Conor Hourihane,Ireland,Midfielder,180cm,02/02/1991
Callum Hudson-Odoi,England,Forward,182cm,07/11/2000(21)
Niall Huggins,Wales,Defender,,18/12/2000
Will Hughes,England,Midfielder,185cm,17/04/1995(26)
Joe Hugill,England,Forward,,19/10/2003
Joseph Hungbo,England,Midfielder,,15/01/2000
Mackenzie Hunt,England,Midfielder,,14/11/2001
Omari Hutchinson,England,Midfielder,,29/10/2003(18)
Hwang Hee-Chan,South Korea,Forward,177cm,26/01/1996(26)
Pierre-Emile Hjbjerg,Denmark,Midfielder,187cm,05/08/1995(26)
Adam Idah,Ireland,Forward,190cm,11/02/2001(21)
Kelechi Iheanacho,Nigeria,Forward,185cm,03/10/1996(25)
Danny Ings,England,Forward,178cm,23/07/1992(29)
Tim Iroegbunam,England,Midfielder,,30/06/2003(18)
Einar Iversen,Norway,Midfielder,,06/06/2001
Alexander Iwobi,Nigeria,Forward,180cm,03/05/1996(25)
Jos Izquierdo,Colombia,Forward,171cm,07/07/1992
Jaroslaw Jach,Poland,Defender,192cm,17/02/1994
Alireza Jahanbakhsh,Iran,Forward,180cm,11/08/1993
Eldin Jakupovic,Switzerland,Goalkeeper,191cm,02/10/1984(37)
Reece James,England,Defender,182cm,08/12/1999(22)
Vitaly Janelt,Germany,Midfielder,184cm,10/05/1998(23)
Alexandre Jankewitz,Switzerland,Midfielder,179cm,25/12/2001
Pontus Jansson,Sweden,Defender,194cm,13/02/1991(31)
Vtezslav Jaros,Czech Republic,Goalkeeper,,23/07/2001
Taylor Jay-Hart,England,Midfielder,179cm,18/12/2003
Julian Jeanvier,Guinea,Defender,185cm,31/03/1992(30)
Jack Jenkins,England,Midfielder,,23/03/2002(20)
Teddy Jenks,England,Midfielder,191cm,12/03/2002
Mathias Jensen,Denmark,Midfielder,180cm,01/01/1996(26)
Jeong Sang-Bin,South Korea,Forward,173cm,01/04/2002
Ral Jimnez,Mexico,Forward,190cm,05/05/1991(30)
Joo Cancelo,Portugal,Defender,182cm,27/05/1994(27)
Joo Moutinho,Portugal,Midfielder,170cm,08/09/1986(35)
Joo Pedro,Brazil,Forward,182cm,26/09/2001(20)
Joo Virgnia,Portugal,Goalkeeper,198cm,10/10/1999
Joelinton,Brazil,Forward,186cm,14/08/1996(25)
Kyle John,England,Defender,,13/02/2001
Tyreece John-Jules,England,Forward,183cm,14/02/2001
Ben Johnson,England,Defender,175cm,24/01/2000(22)
Curtis Jones,England,Midfielder,185cm,30/01/2001(21)
Jonny,Spain,Defender,175cm,03/03/1994(28)
Jorginho,Italy,Midfielder,180cm,20/12/1991(30)
Jos S,Portugal,Goalkeeper,192cm,17/01/1993(29)
James Justin,England,Defender,183cm,23/02/1998(24)
Ozan Kabak,Turkey,Defender,186cm,25/03/2000(22)
Christian Kabasele,Belgium,Defender,187cm,24/02/1991(31)
Lovre Kalinic,Croatia,Goalkeeper,201cm,03/04/1990
Samuel Kalu,Nigeria,Forward,176cm,26/08/1997(24)
Abu Kamara,England,Defender,,
Harry Kane,England,Forward,188cm,28/07/1993(28)
N'Golo Kant,France,Midfielder,168cm,29/03/1991(31)
Michal Karbownik,Poland,Defender,,13/03/2001
Loris Karius,Germany,Goalkeeper,189cm,22/06/1993(28)
Hayao Kawabe,Japan,Midfielder,178cm,08/09/1995
Edo Kayembe,DR Congo,Midfielder,183cm,03/06/1998(23)
Kayky,Brazil,Forward,175cm,11/06/2003(18)
Moise Kean,Italy,Forward,183cm,28/02/2000
Michael Keane,England,Defender,191cm,11/01/1993(29)
Naby Keta,Guinea,Midfielder,172cm,10/02/1995(27)
Caoimhin Kelleher,Ireland,Goalkeeper,178cm,23/11/1998(23)
Martin Kelly,England,Defender,191cm,27/04/1990(31)
Kenedy,Brazil,Forward,182cm,08/02/1996(26)
Nohan Kenneh,England,Midfielder,,10/01/2003(19)
Jonjoe Kenny,England,Defender,176cm,15/03/1997(25)
Reda Khadra,Germany,Midfielder,,04/07/2001
Kiko Casilla,Spain,Goalkeeper,190cm,02/10/1986
Maximilian Kilman,England,Defender,,23/05/1997(24)
Joshua King,Norway,Forward,180cm,15/01/1992(30)
Nya Kirby,England,Midfielder,174cm,31/01/2000
Kristoffer Klaesson,Norway,Goalkeeper,189cm,27/11/2000(21)
Mateusz Klich,Poland,Midfielder,183cm,13/06/1990(31)
Timm Klose,Switzerland,Defender,193cm,09/05/1988
Josh Knight,England,Defender,185cm,07/09/1997
Robin Koch,Germany,Defender,192cm,17/07/1996(25)
Sead Kolasinac,Bosnia & Herzegovina,Defender,183cm,20/06/1993
Ibrahima Konat,France,Defender,194cm,25/05/1999(22)
Ezri Konsa,England,Defender,183cm,23/10/1997(24)
Billy Koumetio,France,Defender,,14/11/2002(19)
Cheikhou Kouyat,Senegal,Midfielder,189cm,21/12/1989(32)
Matej Kov&#345;,Czech Republic,Goalkeeper,,
Mateo Kovacic,Croatia,Midfielder,178cm,06/05/1994(27)
Kacper Kozlowski,Poland,Midfielder,177cm,16/10/2003
Emil Krafth,Sweden,Defender,184cm,02/08/1994(27)
Alex Krl,Czech Republic,Midfielder,185cm,19/05/1998(23)
Tim Krul,Netherlands,Goalkeeper,188cm,03/04/1988(34)
Juraj Kucka,Slovakia,Midfielder,186cm,26/02/1987(35)
Dejan Kulusevski,Sweden,Midfielder,186cm,25/04/2000(21)
Alexandre Lacazette,France,Forward,175cm,28/05/1991(30)
Adam Lallana,England,Midfielder,172cm,10/05/1988(33)
Erik Lamela,Argentina,Midfielder,181cm,04/03/1992
Tariq Lamptey,England,Defender,,30/09/2000(21)
Daniel Langley,England,Goalkeeper,,28/12/2000(21)
Henri Lansbury,England,Midfielder,183cm,12/10/1990
Manuel Lanzini,Argentina,Midfielder,167cm,15/02/1993(29)
Aymeric Laporte,Spain,Defender,191cm,27/05/1994(27)
Jamaal Lascelles,England,Defender,188cm,11/11/1993(28)
Romo Lavia,Belgium,Midfielder,,06/01/2004(18)
Marcel Lavinier,Portugal,Midfielder,180cm,16/12/2000
Achraf Lazaar,Morocco,Defender,184cm,22/01/1992
Zan-Luk Leban,Slovenia,Goalkeeper,,15/12/2002
Pierre Lees-Melou,France,Midfielder,185cm,25/05/1993(28)
Florian Lejeune,France,Defender,189cm,20/05/1991
Dexter Lembikisa,England,Defender,,04/11/2003(18)
Mario Lemina,Gabon,Midfielder,184cm,01/09/1993
Aaron Lennon,England,Midfielder,165cm,16/04/1987(34)
Bernd Leno,Germany,Goalkeeper,190cm,04/03/1992(30)
Marc Leonard,Scotland,Midfielder,,19/12/2001(20)
Thakgalo Leshabela,South Africa,Midfielder,175cm,18/09/1999
Dylan Levitt,Wales,Midfielder,180cm,17/11/2000
Jamal Lewis,Northern Ireland,Defender,178cm,25/01/1998(24)
Lewis Hall,England,Midfielder,,08/09/2004(17)
Victor Lindelf,Sweden,Defender,187cm,17/07/1994(27)
Hayden Lindley,England,Midfielder,,02/09/2002(19)
Jesse Lingard,England,Midfielder,175cm,15/12/1992(29)
Valentino Livramento,England,Defender,,12/11/2002(19)
Diego Llorente,Spain,Defender,186cm,16/08/1993(28)
Hugo Lloris,France,Goalkeeper,188cm,26/12/1986(35)
Giovani Lo Celso,Argentina,Midfielder,177cm,09/04/1996
Jrgen Locadia,Netherlands,Forward,187cm,07/11/1993
Ruben Loftus-Cheek,England,Midfielder,191cm,23/01/1996(26)
Andy Lonergan,England,Goalkeeper,192cm,19/10/1983(38)
Kevin Long,Ireland,Defender,188cm,18/08/1990(31)
Emmanuel Longelo,England,Forward,,27/12/2000(21)
Matthew Longstaff,England,Midfielder,,21/03/2000
Nigel Lonwijk,Netherlands,Defender,188cm,27/10/2002
Ademola Lookman,Nigeria,Forward,174cm,20/10/1997(24)
Joel Lopez Salguero,Spain,Defender,,31/03/2002
Jonas Lssl,Denmark,Goalkeeper,195cm,01/02/1989(33)
Imrn Louza,Morocco,Midfielder,178cm,01/05/1999(22)
Matthew Lowton,England,Defender,180cm,09/06/1989(32)
Lucas Moura,Brazil,Forward,172cm,13/08/1992(29)
Romelu Lukaku,Belgium,Forward,190cm,13/05/1993(28)
Lyanco,Brazil,Defender,187cm,01/02/1997(25)
Brooklyn Lyons-Foster,England,Defender,,01/12/2000(21)
Isaac Mabaya,England,Midfielder,,22/09/2004(17)
Alexis Mac Allister,Argentina,Midfielder,176cm,24/12/1998(23)
James Maddison,England,Midfielder,175cm,23/11/1996(25)
Paris Maghoma,England,Midfielder,,08/05/2001(20)
Harry Maguire,England,Defender,194cm,05/03/1993(29)
Riyad Mahrez,Algeria,Forward,179cm,21/02/1991(31)
Ainsley Maitland-Niles,England,Midfielder,177cm,29/08/1997
Malachi Boateng,England,Midfielder,,05/07/2002
Anthony Mancini,France,Midfielder,180cm,06/04/2001
Sadio Man,Senegal,Forward,175cm,10/04/1992(30)
Javier Manquillo,Spain,Defender,178cm,05/05/1994(27)
Maral,Brazil,Defender,178cm,19/02/1989(33)
Marcelo Pitaluga,Brazil,Goalkeeper,192cm,20/12/2002(19)
Solly March,England,Midfielder,180cm,20/07/1994(27)
Pablo Mar,Spain,Defender,193cm,31/08/1993
Dilan Markanday,England,Forward,,20/08/2001
Filip Marschall,England,Goalkeeper,,24/04/2003
Anthony Martial,France,Forward,181cm,05/12/1995
Josh Martin,England,Midfielder,,09/09/2001
Emiliano Martnez,Argentina,Goalkeeper,195cm,02/09/1992(29)
Adam Masina,Morocco,Defender,189cm,02/01/1994(28)
Arthur Masuaku,DR Congo,Defender,179cm,07/11/1993(28)
Tawanda Maswanhise,England,Midfielder,,20/11/2002
Juan Mata,Spain,Midfielder,170cm,28/04/1988(33)
Jean-Philippe Mateta,France,Forward,192cm,28/06/1997(24)
Nemanja Matic,Serbia,Midfielder,194cm,01/08/1988(33)
Joel Matip,Cameroon,Defender,195cm,08/08/1991(30)
Matthew Craig,Scotland,Midfielder,,16/04/2003(18)
Remi Matthews,England,Goalkeeper,184cm,10/02/1994(28)
Neal Maupay,France,Forward,173cm,14/08/1996(25)
Luke Mbete,England,Defender,,18/09/2003(18)
Bryan Mbeumo,France,Midfielder,171cm,07/08/1999(22)
Xavier Mbuyamba,Netherlands,Defender,,31/12/2001(20)
Reece McAlear,Scotland,Midfielder,185cm,12/02/2002
James McArthur,Scotland,Midfielder,178cm,07/10/1987(34)
James McAtee,England,Midfielder,,18/10/2002(19)
Kasey McAteer,England,Midfielder,,22/11/2001
Alfie McCalmont,Northern Ireland,Midfielder,,25/03/2000
Liam McCarron,Scotland,Midfielder,175cm,07/03/2001(21)
James McCarthy,Ireland,Midfielder,180cm,12/11/1990
Jon McCracken,Scotland,Goalkeeper,,24/05/2000(21)
Thomas McGill,England,Goalkeeper,,25/03/2000(22)
John McGinn,Scotland,Midfielder,178cm,18/10/1994(27)
Joseph McGlynn,Scotland,Forward,,27/09/2002(19)
Michael McGovern,Northern Ireland,Goalkeeper,191cm,12/07/1984(37)
Stuart McKinstry,Scotland,Midfielder,,18/09/2002(19)
Kenny McLean,Scotland,Midfielder,183cm,08/01/1992(30)
Dwight McNeil,England,Midfielder,183cm,22/11/1999(22)
Scott McTominay,Scotland,Midfielder,193cm,08/12/1996(25)
Ben Mee,England,Defender,180cm,21/09/1989(32)
Hannibal Mejbri,Tunisia,Midfielder,177cm,21/01/2003(19)
douard Mendy,Senegal,Goalkeeper,197cm,01/03/1992(30)
Teden Mengi,England,Defender,183cm,30/04/2002
Illan Meslier,France,Goalkeeper,193cm,02/03/2000(22)
Matt Miazga,United States,Defender,191cm,19/07/1995
Michael Craig,Scotland,Midfielder,,16/04/2003(18)
Luka Milivojevic,Serbia,Midfielder,186cm,07/04/1991(31)
James Milner,England,Midfielder,175cm,04/01/1986(36)
Yerry Mina,Colombia,Defender,195cm,23/09/1994(27)
Takumi Minamino,Japan,Forward,174cm,16/01/1995(27)
Tyrone Mings,England,Defender,196cm,13/03/1993(29)
Tyrick Mitchell,England,Defender,,01/09/1999(22)
Kaoru Mitoma,Japan,Forward,178cm,20/05/1997
Jan Mlakar,Slovenia,Forward,183cm,23/10/1998
Jakub Moder,Poland,Midfielder,188cm,07/04/1999(23)
Mohamed Elneny,Egypt,Midfielder,180cm,11/07/1992(29)
Mohamed Salah,Egypt,Forward,175cm,15/06/1992(29)
Jayson Molumby,Ireland,Midfielder,,06/08/1999
Jacob Montes,United States,Midfielder,,20/10/1998
Kris Moore,England,Defender,,13/11/2003(18)
Andrew Moran,Ireland,Midfielder,,15/10/2003(18)
Pablo Moreno,Spain,Forward,174cm,03/05/2002
Wes Morgan,Jamaica,Defender,186cm,21/01/1984
James Morris,England,Defender,,23/11/2001(20)
Tyler Morton,England,Midfielder,,31/10/2002(19)
Victor Moses,Nigeria,Midfielder,177cm,12/12/1990
Yerson Mosquera,Colombia,Defender,187cm,02/05/2001(20)
Louie Moulden,England,Goalkeeper,,06/01/2002
Mason Mount,England,Midfielder,178cm,10/01/1999(23)
Bali Mumba,England,Defender,,01/10/2001
Joel Mumbongo,Sweden,Forward,188cm,09/01/1999
Romaine Mundle,England,Midfielder,,24/04/2003(18)
Arijanet Muric,Kosovo,Goalkeeper,198cm,07/11/1998
Jacob Murphy,England,Midfielder,179cm,24/02/1995(27)
Glenn Murray,England,Forward,183cm,25/09/1983
Charly Musonda,Belgium,Midfielder,173cm,15/10/1996
Yoshinori Muto,Japan,Forward,179cm,15/07/1992
Enock Mwepu,Zambia,Midfielder,184cm,01/01/1998(24)
Vitalii Mykolenko,Ukraine,Defender,180cm,29/05/1999(22)
Daniel N'Lundulu,England,Forward,185cm,05/02/1999
Marvelous Nakamba,Zimbabwe,Midfielder,178cm,19/01/1994(28)
Richard Nartey,England,Defender,184cm,06/09/1998
Marc Navarro,Spain,Defender,188cm,02/07/1995
Wilfred Ndidi,Nigeria,Midfielder,183cm,16/12/1996(25)
Tanguy Ndombele,France,Midfielder,181cm,28/12/1996
Reiss Nelson,England,Forward,175cm,10/12/1999
Nlson Semedo,Portugal,Defender,177cm,16/11/1993(28)
Jeremy Ngakia,England,Defender,,07/09/2000(21)
Sal guez,Spain,Midfielder,184cm,21/11/1994(27)
Eddie Nketiah,England,Forward,175cm,30/05/1999(22)
Nicolas Nkoulou,Cameroon,Defender,184cm,27/03/1990(32)
Niels Nkounkou,France,Defender,180cm,01/11/2000
Mark Noble,England,Midfielder,180cm,08/05/1987(34)
Mathias Normann,Norway,Midfielder,179cm,28/05/1996(25)
Will Norris,England,Goalkeeper,195cm,12/08/1993(28)
Nuno Tavares,Portugal,Defender,183cm,26/01/2000(22)
rjan Nyland,Norway,Goalkeeper,192cm,10/09/1990
Christian Nrgaard,Denmark,Midfielder,187cm,10/03/1994(28)
Kane O'Connor,Scotland,Defender,,17/01/2001
Michael Obafemi,Ireland,Forward,169cm,06/07/2000
Ademipo Odubeko,Ireland,Forward,,21/10/2002
Chituru Odunze,United States,Goalkeeper,200cm,14/10/2002(19)
Odeluga Offiah,England,Defender,,26/10/2002(19)
Angelo Ogbonna,Italy,Defender,191cm,23/05/1988(33)
Mazeed Ogungbo,Ireland,Defender,,20/10/2002(19)
Sheyi Ojo,England,Midfielder,177cm,19/06/1997
Jakub Ojrzynski,Poland,Goalkeeper,,19/02/2003
Armstrong Oko-Flex,Ireland,Forward,,02/03/2002(20)
Arthur Okonkwo,England,Goalkeeper,198cm,09/09/2001(20)
Maduka Okoye,Nigeria,Goalkeeper,197cm,28/08/1999
Jaakko Oksanen,Finland,Midfielder,,07/11/2000
Kazeem Olaigbe,Belgium,Forward,,02/01/2003(19)
Michael Olise,France,Midfielder,176cm,12/12/2001(20)
Robin Olsen,Sweden,Goalkeeper,198cm,08/01/1990(32)
Josh Oluwayemi,England,Goalkeeper,,13/03/2001
Andrew Omobamidele,Ireland,Defender,188cm,23/06/2002(19)
Tobi Omole,England,Defender,,17/12/1999(22)
Akos Onodi,Hungary,Goalkeeper,,02/09/2001
Tyler Onyango,England,Midfielder,190cm,04/03/2003(19)
Frank Onyeka,Nigeria,Midfielder,183cm,01/01/1998(24)
Divock Origi,Belgium,Forward,185cm,18/04/1995(26)
Owen Otasowie,United States,Midfielder,191cm,06/01/2001
Salah-Eddine Oulad M'hand,Netherlands,Midfielder,,20/08/2003(18)
Aston Oxborough,England,Goalkeeper,,09/05/1998
Alex Oxlade-Chamberlain,England,Midfielder,180cm,15/08/1993(28)
Daniel Oyegoke,England,Defender,,03/01/2003(19)
Pablo Hernndez,Spain,Midfielder,173cm,11/04/1985
Cole Palmer,England,Midfielder,,06/05/2002(19)
Erik Palmer-Brown,United States,Defender,187cm,24/04/1997
Pape Sarr,Senegal,Midfielder,185cm,14/09/2002
Adam Parkes,England,Goalkeeper,,30/11/1999
Troy Parrott,Ireland,Forward,185cm,04/02/2002
Thomas Partey,Ghana,Midfielder,185cm,13/06/1993(28)
Maksim Paskotsi,Estonia,Defender,,19/01/2003(19)
Charlie Patino,England,Midfielder,,17/10/2003(18)
Nathan Patterson,Scotland,Defender,183cm,16/10/2001(20)
Bailey Peacock-Farrell,Northern Ireland,Goalkeeper,193cm,29/10/1996
Myles Peart-Harris,England,Midfielder,,18/09/2002(19)
Pedro Neto,Portugal,Forward,172cm,09/03/2000(22)
Facundo Pellistri,Uruguay,Midfielder,175cm,20/12/2001(20)
Adalberto Pearanda,Venezuela,Forward,185cm,31/05/1997
Nicolas Pp,Cote DIvoire,Forward,183cm,29/05/1995(26)
Ayoze Prez,Spain,Forward,178cm,29/07/1993(28)
Stipe Perica,Croatia,Forward,192cm,07/07/1995
Sonny Perkins,England,Midfielder,,10/02/2004(18)
Romain Perraud,France,Defender,173cm,22/09/1997(24)
Taylor Perry,England,Midfielder,,15/07/2001
Philippe Coutinho,Brazil,Midfielder,172cm,12/06/1992(29)
Kalvin Phillips,England,Midfielder,178cm,02/12/1995(26)
Jaden Philogene-Bidace,England,Midfielder,,08/02/2002
Jordan Pickford,England,Goalkeeper,185cm,07/03/1994(28)
Erik Pieters,Netherlands,Defender,183cm,07/08/1988(33)
Ethan Pinnock,Jamaica,Defender,187cm,29/05/1993(28)
Przemyslaw Placheta,Poland,Midfielder,177cm,23/03/1998(24)
Luke Plange,England,Forward,178cm,04/11/2002
Maurizio Pochettino,Spain,Midfielder,,30/03/2001
Paul Pogba,France,Midfielder,191cm,15/03/1993(29)
Matthew Pollock,England,Defender,,28/09/2001
Nick Pope,England,Goalkeeper,191cm,19/04/1992(29)
Freddie Potts,England,Midfielder,,12/09/2003(18)
Ian Poveda-Ocampo,England,Forward,165cm,09/02/2000
Iker Pozo,Spain,Midfielder,,06/08/2000
Dennis Praet,Belgium,Midfielder,181cm,14/05/1994
Aaron Pressley,Scotland,Forward,189cm,07/11/2001
Isaac Price,Northern Ireland,Forward,,26/09/2003(18)
Davy Prpper,Netherlands,Midfielder,185cm,02/09/1991
Teemu Pukki,Finland,Forward,180cm,29/03/1990(32)
Christian Pulisic,United States,Midfielder,172cm,18/09/1998(23)
Ignacio Pussetto,Argentina,Forward,180cm,21/12/1995(26)
Jarell Quansah,England,Defender,,29/01/2003(19)
Xavi Quintill,Spain,Defender,183cm,23/08/1996
Luka Racic,Denmark,Defender,,08/05/1999
Rafa Mir,Spain,Forward,191cm,18/06/1997
Arjan Raikhy,England,Midfielder,,20/10/2002
Jesurun Rak-Sakyi,England,Midfielder,,05/10/2002(19)
Kayne Ramsay,England,Defender,,10/10/2000
Aaron Ramsdale,England,Goalkeeper,188cm,14/05/1998(23)
Jacob Ramsey,England,Midfielder,,28/05/2001(20)
Darren Randolph,Ireland,Goalkeeper,188cm,12/05/1987(34)
Raphinha,Brazil,Forward,176cm,14/12/1996(25)
Marcus Rashford,England,Forward,180cm,31/10/1997(24)
Milot Rashica,Kosovo,Midfielder,177cm,28/06/1996(25)
David Raya,Spain,Goalkeeper,183cm,15/09/1995(26)
Nathan Redmond,England,Midfielder,173cm,06/03/1994(28)
Sergio Reguiln,Spain,Defender,178cm,16/12/1996(25)
Winston Reid,New Zealand,Defender,190cm,03/07/1988
Omar Rekik,Tunisia,Defender,186cm,20/12/2001
Rhys Williams,England,Defender,,03/02/2001
Ricardo Pereira,Portugal,Defender,175cm,06/10/1993(28)
Declan Rice,England,Midfielder,185cm,14/01/1999(23)
Taylor Richards,England,Midfielder,180cm,04/12/2000
Lewis Richardson,England,Forward,,07/02/2003(19)
Richarlison,Brazil,Forward,184cm,10/05/1997(24)
Jairo Riedewald,Netherlands,Midfielder,182cm,09/09/1996(25)
Matt Ritchie,Scotland,Midfielder,172cm,10/09/1989(32)
Roberto Firmino,Brazil,Forward,181cm,02/10/1991(30)
Haydon Roberts,England,Defender,,10/05/2002(19)
Andrew Robertson,Scotland,Defender,178cm,11/03/1994(28)
Joe Rodon,Wales,Defender,180cm,22/10/1997(24)
Rodri,Spain,Midfielder,191cm,22/06/1996(25)
Rodrigo,Spain,Forward,182cm,06/03/1991(31)
Jay Rodriguez,England,Forward,185cm,29/07/1989(32)
Mads Roerslev,Denmark,Defender,184cm,24/06/1999(22)
Morgan Rogers,England,Forward,,26/07/2002
Sergio Romero,Argentina,Goalkeeper,192cm,22/02/1987
Oriol Romeu,Spain,Midfielder,183cm,24/09/1991(30)
Salomn Rondn,Venezuela,Forward,186cm,16/09/1989(32)
Danny Rose,England,Defender,173cm,02/07/1990(31)
Jonathan Rowe,England,Forward,173cm,30/04/2003(18)
Rben Dias,Portugal,Defender,186cm,14/05/1997(24)
Rben Neves,Portugal,Midfielder,180cm,13/03/1997(25)
Rben Vinagre,Portugal,Defender,174cm,09/04/1999
John Ruddy,England,Goalkeeper,193cm,24/10/1986(35)
Antonio Rdiger,Germany,Defender,190cm,03/03/1993(29)
Rui Patrcio,Portugal,Goalkeeper,190cm,15/02/1988
Rnar Rnarsson,Iceland,Goalkeeper,186cm,18/02/1995
Lukas Rupp,Germany,Midfielder,178cm,08/01/1991(31)
Mathew Ryan,Australia,Goalkeeper,184cm,08/04/1992
Allan Saint-Maximin,France,Forward,173cm,12/03/1997(25)
Romain Sass,Morocco,Midfielder,190cm,26/03/1990(32)
Henri Saivet,Senegal,Midfielder,174cm,26/10/1990
Bukayo Saka,England,Forward,178cm,05/09/2001(20)
Mamadou Sakho,France,Defender,187cm,13/02/1990
William Saliba,France,Defender,192cm,24/03/2001
Mohammed Salisu,Ghana,Defender,191cm,17/04/1999(22)
Mbwana Samatta,Tanzania,Forward,183cm,23/12/1992
Albert Sambi Lokonga,Belgium,Midfielder,173cm,22/10/1999(22)
Samir,Brazil,Defender,189cm,05/12/1994(27)
Robert Snchez,Spain,Goalkeeper,197cm,18/11/1997(24)
Jadon Sancho,England,Forward,180cm,25/03/2000(22)
Dion Sanderson,England,Defender,,15/12/1999
Philippe Sandler,Netherlands,Defender,188cm,10/02/1997
Morgan Sanson,France,Midfielder,180cm,18/08/1994(27)
Joshua Sargent,United States,Forward,185cm,20/02/2000(22)
Matija Sarkic,Montenegro,Goalkeeper,195cm,23/07/1997(24)
Jeremy Sarmiento,Ecuador,Forward,,16/06/2002(19)
Malang Sarr,France,Defender,182cm,23/01/1999(23)
Charlie Savage,Wales,Midfielder,,02/05/2003(18)
Dane Scarlett,England,Forward,180cm,24/03/2004(18)
Fabian Schr,Switzerland,Defender,188cm,20/12/1991(30)
Kjell Scherpen,Netherlands,Goalkeeper,204cm,23/01/2000(22)
Jeffrey Schlupp,Ghana,Midfielder,178cm,23/12/1992(29)
Kasper Schmeichel,Denmark,Goalkeeper,189cm,05/11/1986(35)
Ken Sema,Sweden,Midfielder,180cm,30/09/1993(28)
Ryan Sessegnon,England,Midfielder,178cm,18/05/2000(21)
Meritan Shabani,Germany,Midfielder,185cm,15/03/1999
Jamie Shackleton,England,Midfielder,168cm,08/10/1999(22)
Xherdan Shaqiri,Switzerland,Midfielder,169cm,10/10/1991
Teddy Sharman-Lowe,England,Goalkeeper,189cm,30/03/2003(19)
Luke Shaw,England,Defender,185cm,12/07/1995(26)
Jonjo Shelvey,England,Midfielder,184cm,27/02/1992(30)
Nathan Shepperd,Wales,Goalkeeper,,10/09/2000
Shola Shoretire,England,Forward,170cm,02/02/2004(18)
Sidnei Tavares,Portugal,Midfielder,,29/09/2001
Francisco Sierralta,Chile,Defender,190cm,06/05/1997(24)
Gylfi Sigurdsson,Iceland,Midfielder,186cm,08/09/1989
Abdallah Sima,Senegal,Forward,,17/06/2001
Dynel Simeu,England,Defender,186cm,13/03/2002
Ellis Simms,England,Forward,,05/01/2001
Kamarai Simon-Swyer,England,Forward,,04/12/2002(19)
Xavier Simons,England,Midfielder,,20/02/2003(19)
Danel Sinani,Luxembourg,Midfielder,185cm,05/04/1997
Viljami Sinisalo,Finland,Goalkeeper,,11/10/2001(20)
Moussa Sissoko,France,Midfielder,187cm,16/08/1989(32)
Melvin Sitti,France,Midfielder,182cm,14/02/2000
Oliver Skipp,England,Midfielder,175cm,16/09/2000(21)
Cieran Slicker,Scotland,Goalkeeper,,15/09/2002(19)
Thierry Small,England,Defender,,01/08/2004(17)
William Smallbone,Ireland,Forward,,21/02/2000(22)
Tom Smith,England,Goalkeeper,,30/01/2002
Emile Smith Rowe,England,Midfielder,182cm,28/07/2000(21)
Son Heung-Min,South Korea,Forward,183cm,08/07/1992(29)
Andreas Sndergaard,Denmark,Goalkeeper,189cm,17/01/2001
Jude Soonsup-Bell,England,Forward,,10/01/2004(18)
Sebastian Soto,United States,Forward,183cm,28/07/2000
Tomas Soucek,Czech Republic,Midfielder,192cm,27/02/1995(27)
Boubakary Soumar,France,Midfielder,188cm,27/02/1999(23)
Kamal Sowah,Ghana,Midfielder,179cm,09/01/2000
aglar Sync,Turkey,Defender,185cm,23/05/1996(25)
Tony Springett,England,Midfielder,,
Jason Steele,England,Goalkeeper,188cm,18/08/1990(31)
Jed Steer,England,Goalkeeper,183cm,23/09/1992
Zack Steffen,United States,Goalkeeper,191cm,02/04/1995(27)
Dale Stephens,England,Midfielder,169cm,12/06/1989(32)
Dujon Sterling,England,Defender,186cm,24/10/1999
Finley Stevens,Wales,Defender,,10/04/2003(19)
Toby Stevenson,England,Defender,,22/11/1999
Marco Stiepermann,Germany,Forward,190cm,09/02/1991
Jakub Stolarczyk,Poland,Goalkeeper,,19/12/2000
John Stones,England,Defender,188cm,28/05/1994(27)
James Storer,England,Goalkeeper,,
Robert Street,England,Forward,,26/09/2001
Pascal Struijk,Netherlands,Defender,190cm,11/08/1999(22)
Stuart Armstrong,Scotland,Midfielder,183cm,30/03/1992(30)
Isaac Success,Nigeria,Forward,186cm,07/01/1996
Thanawat Suengchitthawon,Thailand,Midfielder,,08/01/2000(22)
Crysencio Summerville,Netherlands,Midfielder,174cm,30/10/2001(20)
Zak Swanson,England,Defender,,28/09/2000(21)
Sil Swinkels,Netherlands,Defender,,06/01/2004(18)
Jacob Srensen,Denmark,Midfielder,,03/03/1998(24)
Michael Tait,England,Forward,,29/01/2001
Japhet Tanganga,England,Defender,184cm,31/03/1999(23)
Matt Targett,England,Defender,183cm,18/09/1995(26)
James Tarkowski,England,Defender,185cm,19/11/1992(29)
Percy Tau,South Africa,Forward,175cm,13/05/1994
Neil Taylor,Wales,Defender,176cm,07/02/1989
Allan Tchaptchet,France,Defender,193cm,21/12/2001
Nathan Tella,England,Midfielder,,05/07/1999(22)
Thiago,Spain,Midfielder,174cm,11/04/1991(31)
Thiago Silva,Brazil,Defender,183cm,22/09/1984(37)
Bobby Thomas,England,Defender,,30/01/2001(21)
Dominic Thompson,England,Defender,,26/07/2000
Youri Tielemans,Belgium,Midfielder,176cm,07/05/1997(24)
Kieran Tierney,Scotland,Defender,178cm,05/06/1997(24)
Tom Dele-Bashiru,Nigeria,Midfielder,183cm,17/09/1999
Takehiro Tomiyasu,Japan,Defender,188cm,05/11/1998(23)
James Tomkins,England,Defender,192cm,29/03/1989(33)
Jonathan Tomkinson,United States,Defender,,11/04/2002(20)
Tommi O'Reilly,England,Midfielder,,15/12/2003(18)
Fikayo Tomori,England,Defender,185cm,19/12/1997
Ivan Toney,England,Forward,179cm,16/03/1996(26)
Lucas Torreira,Uruguay,Midfielder,168cm,11/02/1996
Ferran Torres,Spain,Forward,184cm,29/02/2000
Cenk Tosun,Turkey,Forward,183cm,07/06/1991(30)
Toti,Portugal,Defender,187cm,16/01/1999(23)
Andros Townsend,England,Midfielder,181cm,16/07/1991(30)
James Trafford,England,Goalkeeper,,10/10/2002
Bertrand Traor,Burkina Faso,Forward,181cm,06/09/1995(26)
Trzguet,Egypt,Midfielder,180cm,01/10/1994
Trinco,Portugal,Forward,184cm,29/12/1999(22)
Kieran Trippier,England,Defender,178cm,19/09/1990(31)
William Troost-Ekong,Nigeria,Defender,191cm,01/09/1993(28)
Leandro Trossard,Belgium,Forward,171cm,04/12/1994(27)
Nathan Trott,England,Goalkeeper,188cm,21/11/1998
Auston Trusty,United States,Defender,191cm,12/08/1998
Tom Trybull,Germany,Midfielder,181cm,09/03/1993
Konstantinos Tsimikas,Greece,Defender,178cm,12/05/1996(25)
Antef Tsoungui,England,Defender,,30/12/2002(19)
Axel Tuanzebe,England,Defender,186cm,14/11/1997
Ozan Tufan,Turkey,Midfielder,179cm,23/03/1995
Ed Turns,Wales,Defender,,18/10/2002(19)
Harry Tyrer,England,Goalkeeper,,06/12/2001(20)
Christos Tzolis,Greece,Forward,184cm,30/01/2002(20)
Ik Ugbo,Canada,Forward,184cm,21/09/1998
Deniz Undav,Germany,Forward,179cm,19/07/1996
Cengiz nder,Turkey,Forward,173cm,14/07/1997
Harvey Vale,England,Midfielder,,11/09/2003(18)
Joel Valencia,Ecuador,Forward,164cm,16/11/1994
Yan Valery,France,Defender,180cm,22/02/1999(23)
Patrick van Aanholt,Netherlands,Defender,176cm,29/08/1990
Donny van de Beek,Netherlands,Midfielder,184cm,18/04/1997(24)
Virgil van Dijk,Netherlands,Defender,193cm,08/07/1991(30)
Mikki van Sas,Netherlands,Goalkeeper,,29/02/2004
Raphal Varane,France,Defender,191cm,25/04/1993(28)
Jamie Vardy,England,Forward,179cm,11/01/1987(35)
Indiana Vassilev,United States,Forward,173cm,16/02/2001
Jol Veltman,Netherlands,Defender,184cm,15/01/1992(30)
Jannik Vestergaard,Denmark,Defender,199cm,03/08/1992(29)
Vitinha,Portugal,Midfielder,172cm,13/02/2000
Nikola Vlasic,Croatia,Midfielder,178cm,04/10/1997(24)
Jake Vokins,England,Defender,180cm,17/03/2000
Mario Vrancic,Bosnia & Herzegovina,Midfielder,187cm,23/05/1989
Matej Vydra,Czech Republic,Forward,180cm,01/05/1992(29)
Theo Walcott,England,Forward,176cm,16/03/1989(33)
Jake Walker,England,Defender,,03/11/2000
Kyle Walker-Peters,England,Defender,173cm,13/04/1997(24)
Sam Waller,England,Goalkeeper,,09/09/2003(18)
Christian Walton,England,Goalkeeper,182cm,09/11/1995
Aaron Wan-Bissaka,England,Defender,183cm,26/11/1997(24)
Wanya Maral-Madivadua,Portugal,Midfielder,,19/10/2002(19)
Joel Ward,England,Defender,188cm,29/10/1989(32)
James Ward-Prowse,England,Midfielder,173cm,01/11/1994(27)
Ollie Watkins,England,Forward,180cm,30/12/1995(26)
Caleb Watts,Australia,Midfielder,171cm,16/01/2002
Adam Webster,England,Defender,191cm,04/01/1995(27)
Wout Weghorst,Netherlands,Forward,197cm,07/08/1992(29)
Jensen Weir,England,Midfielder,184cm,31/01/2002
Danny Welbeck,England,Forward,185cm,26/11/1990(31)
Reece Welch,England,Defender,,19/09/2003(18)
Jack Wells-Morrison,England,Midfielder,,18/02/2004(18)
Timo Werner,Germany,Forward,180cm,06/03/1996(26)
Wesley Moraes,Brazil,Forward,191cm,26/11/1996
Ashley Westwood,England,Midfielder,175cm,01/04/1990(32)
Charlie Whitaker,England,Midfielder,,16/09/2003(18)
Benjamin White,England,Defender,182cm,08/10/1997(24)
Alfie Whiteman,England,Goalkeeper,189cm,02/10/1998
Connor Wickham,England,Forward,191cm,31/03/1993
Georginio Wijnaldum,Netherlands,Midfielder,175cm,11/11/1990
Dylan Williams,England,Defender,,13/09/2003(18)
Willian,Brazil,Forward,175cm,09/08/1988
Willian Jos,Brazil,Forward,189cm,23/11/1991
Joseph Willock,England,Midfielder,179cm,20/08/1999(22)
Ben Wilmot,England,Defender,188cm,04/11/1999
Harry Wilson,Wales,Midfielder,173cm,22/03/1997
Joshua Wilson-Esbrand,England,Defender,,26/12/2002(19)
Harry Winks,England,Midfielder,178cm,02/02/1996(26)
Yoane Wissa,DR Congo,Midfielder,176cm,03/09/1996(25)